<?xml version="1.0" encoding="GBK" standalone="no"?>
<!DOCTYPE mapper PUBLIC "-//mybatis.org//DTD iBatis Mapper 3.0 //EN" "http://mybatis.org/dtd/mybatis-3-mapper.dtd">
<mapper namespace="com.gaoxinyu.sail.globalparam.dao.GlobalParamDao">

    <insert id="addGlobalParam">
        insert into dict_globalparam(param_name, param_value, param_description)
        values (#{paramName},#{paramValue},#{paramDescription})
    </insert>
    <select id="getGlobalParamList" resultType="GlobalParam">
        SELECT param_name, param_value, param_description
        FROM dict_globalparam
        <where>
            <if test="paramName!=null and paramName !=''">
                AND param_name LIKE concat('%',#{paramName},'%')
            </if>
            <if test="paramValue!=null and paramValue !=''">
                AND param_value LIKE concat('%',#{paramValue},'%')
            </if>
            <if test="paramDescription!=null and paramDescription !=''">
                AND param_description LIKE concat('%',#{paramDescription},'%')
            </if>
        </where>
        ${sortField} ${sortOrder}
    </select>

    <update id="updateGlobalParam">
        UPDATE dict_globalparam
        SET param_value = #{paramValue}
        <if test="paramDescription!=null">
            , param_description = #{paramDescription}
        </if>
        WHERE param_name = #{paramName}
    </update>

    <select id="getGlobalParamListByParamName" resultType="GlobalParam">
        SELECT param_name, param_value, param_description
        FROM dict_globalparam
        WHERE param_name = #{paramName}
    </select>
</mapper>